{"cameraMode":{"drawMode":0,"name":"Shaded","section":"Shading Mode"},"sceneLighting":true,"audioPlay":false,"sceneViewState":{"showFog":true,"showMaterialUpdate":false,"showSkybox":true,"showFlares":true,"showImageEffects":true,"showParticleSystems":true},"in2DMode":false,"pivot":{"x":-67.80271911621094,"y":-5.758096694946289,"z":34.87731170654297},"rotation":{"x":0.3240380585193634,"y":-0.005675892811268568,"z":0.001944756368175149,"w":0.9460278153419495},"size":10.0,"orthographic":false}